-- phpMyAdmin SQL Dump
-- version 4.5.1
-- http://www.phpmyadmin.net
--
-- Host: 127.0.0.1
-- Generation Time: Dec 23, 2018 at 10:55 PM
-- Server version: 10.1.13-MariaDB
-- PHP Version: 7.0.8

SET SQL_MODE = "NO_AUTO_VALUE_ON_ZERO";
SET time_zone = "+00:00";


/*!40101 SET @OLD_CHARACTER_SET_CLIENT=@@CHARACTER_SET_CLIENT */;
/*!40101 SET @OLD_CHARACTER_SET_RESULTS=@@CHARACTER_SET_RESULTS */;
/*!40101 SET @OLD_COLLATION_CONNECTION=@@COLLATION_CONNECTION */;
/*!40101 SET NAMES utf8mb4 */;

--
-- Database: `examination_db`
--

-- --------------------------------------------------------

--
-- Table structure for table `admin_info`
--

CREATE TABLE `admin_info` (
  `name` varchar(50) NOT NULL,
  `user_id` varchar(50) NOT NULL,
  `email` varchar(50) NOT NULL,
  `password` varchar(50) NOT NULL,
  `contact` varchar(50) NOT NULL
) ENGINE=InnoDB DEFAULT CHARSET=latin1;

--
-- Dumping data for table `admin_info`
--

INSERT INTO `admin_info` (`name`, `user_id`, `email`, `password`, `contact`) VALUES
('Ataur Rahman', 'ata123', 'ataur.214@gmail.com', 'ata123', '01799797447');

-- --------------------------------------------------------

--
-- Table structure for table `chapter`
--

CREATE TABLE `chapter` (
  `chapter_id` int(255) NOT NULL,
  `class_name` varchar(50) NOT NULL,
  `sub_code` varchar(255) CHARACTER SET latin1 NOT NULL,
  `chapter_name` varchar(255) NOT NULL
) ENGINE=InnoDB DEFAULT CHARSET=utf8;

--
-- Dumping data for table `chapter`
--

INSERT INTO `chapter` (`chapter_id`, `class_name`, `sub_code`, `chapter_name`) VALUES
(3, 'SSC', '102', 'বাংলা ভাষার উৎপত্তি'),
(4, 'JSC', '101', 'অতিথির স্মৃতি'),
(5, 'JSC', '101', 'ভাব ও কাজ'),
(6, 'JSC', '101', 'বাঙ্গালির বাংলা'),
(10, 'JSC', '101', 'পড়ে পাওয়া'),
(11, 'JSC', '101', 'তৈলচিত্তের ভুত'),
(12, 'JSC', '101', 'এবারের সংগ্রাম সাধিনতার সংগ্রাম'),
(13, 'JSC', '101', 'আমাদের লোকশিল্প'),
(14, 'JSC', '101', 'সুখি মানুষ'),
(16, 'JSC', '101', 'শিল্প কলার নানা দিক'),
(18, 'JSC', '101', 'মংডুর পথে'),
(19, 'JSC', '101', 'বাংলা নববর্ষ'),
(20, 'JSC', '101', 'বাংলা ভাষার জন্মকথা'),
(34, 'JSC', '109', 'প্রথম অধ্যায়ঃ প্যাটার্ন  '),
(35, 'JSC', '109', 'দ্বিতীয় অধ্যায়ঃ মুনাফা'),
(37, 'JSC', '102', 'ভাষা'),
(38, 'JSC', '102', 'ধ্বনি ও বর্ণ'),
(39, 'JSC', '102', 'সন্ধি'),
(40, 'JSC', '102', 'শব্দ ও পদ'),
(41, 'JSC', '102', 'শব্দ গঠন'),
(42, 'JSC', '102', 'বাক্য'),
(43, 'JSC', '102', 'বিরাম চিহ্ন'),
(44, 'JSC', '102', 'বানান'),
(45, 'JSC', '102', 'অভিধান'),
(46, 'JSC', '102', 'শব্দার্থ'),
(47, 'JSC', '109', 'তৃতীয় অধ্যায়ঃ পরিমাপ   '),
(49, 'SSC', '', 'এসিড ক্ষারক সমতা'),
(52, 'JSC', '127', 'পদার্থ'),
(54, 'SSC', '', 'এসিড ক্ষারক সমতা'),
(56, 'SSC', '', 'এসিড ক্ষারক সমতা'),
(57, 'SSC', '', 'এসিড ক্ষারক সমতা'),
(58, 'PSC', '109', 'sdfgh'),
(59, 'SSC', '109', 'kjhgfd'),
(60, 'SSC', '', 'jh'),
(61, 'SSC', '109', 'এসিড ক্ষারক সমতা'),
(62, 'JSC', '127', 'প্রথম অধ্যায়: প্রাণিজগতের শ্রেণিবিন্যাস'),
(63, 'JSC', '127', 'দ্বিতীয় অধ্যায়: জীবের বৃদ্ধি ও বংশগতি  '),
(64, 'JSC', '127', 'তৃতীয় অধ্যায়ঃ ব্যাপন, অভিস্রবণ ও প্রস্বেদন     '),
(65, 'JSC', '127', 'চতুর্থ অধ্যায়ঃ  উদ্ভিদে বংশ বৃদ্ধি  '),
(66, 'JSC', '127', ' পঞ্চম অধ্যায়ঃ সমন্বয় ও নিঃসরণ  '),
(67, 'JSC', '127', 'ষষ্ঠ অধ্যায়ঃ পরমাণুর গঠন   '),
(68, 'JSC', '127', 'সপ্তম অধ্যায়ঃ পৃথিবী ও মহাকর্ষ       '),
(69, 'JSC', '127', 'অষ্টম অধ্যায়ঃ রাসায়নিক বিক্রিয়া    '),
(70, 'JSC', '127', 'নবম অধ্যায়ঃ বর্তনী ও চলতড়িৎ       '),
(71, 'JSC', '127', 'দশম অধ্যায়ঃ অম্ল, ক্ষারক ও লবণ      '),
(72, 'JSC', '127', 'একাদশ অধ্যায়: আলো     '),
(73, 'JSC', '127', 'দ্বাদশ অধ্যায়: মহাকাশ ও উপগ্রহ  '),
(74, 'JSC', '127', 'ত্রয়োদশ অধ্যায়: খাদ্য ও পুষ্টি '),
(75, 'JSC', '127', 'চতুর্দশ অধ্যায়: পরিবেশ ও বাস্তুতন্ত্র   '),
(76, 'JSC', '109', ' চতুর্থ অধ্যায়ঃবীজগণিতীয় সূত্রাবলি ও প্রয়োগ'),
(77, 'JSC', '109', 'পঞ্চম অধ্যায়ঃবীজগণিতীয় ভগ্নাংশ   '),
(78, 'JSC', '109', ' ষষ্ঠ অধ্যায়ঃসরল সহসমীকরণ  '),
(79, 'JSC', '109', 'সপ্তম অধ্যায়ঃসেট '),
(80, 'JSC', '109', 'অষ্টম অধ্যায়ঃচতুর্ভূজ সংক্রান্ত উপপাদ্য। '),
(81, 'JSC', '109', 'অষ্টম অধ্যায়ঃচতুর্ভূজ অংকন  '),
(82, 'JSC', '109', 'নবম অধ্যায়ঃ পিথাগোরাসের উপপাদ্য  '),
(83, 'JSC', '109', 'দশম অধ্যায়ঃ বৃত্ত সম্পর্কিত উপপাদ্য   '),
(84, 'JSC', '109', 'একাদশ অধ্যায়:তথ্য ও উপাত্ত    ');

-- --------------------------------------------------------

--
-- Table structure for table `class`
--

CREATE TABLE `class` (
  `class_id` int(50) NOT NULL,
  `class_name` varchar(50) NOT NULL
) ENGINE=InnoDB DEFAULT CHARSET=utf8;

--
-- Dumping data for table `class`
--

INSERT INTO `class` (`class_id`, `class_name`) VALUES
(3, 'JSC'),
(4, 'PSC'),
(5, 'SSC');

-- --------------------------------------------------------

--
-- Table structure for table `exam_tb`
--

CREATE TABLE `exam_tb` (
  `id` int(11) NOT NULL,
  `exam_id` varchar(11) NOT NULL,
  `user_id` varchar(255) CHARACTER SET latin1 NOT NULL,
  `qid` int(20) NOT NULL,
  `correct_ans` varchar(255) NOT NULL,
  `given_ans` varchar(255) NOT NULL,
  `marks` int(11) NOT NULL,
  `exam_date` date NOT NULL
) ENGINE=InnoDB DEFAULT CHARSET=utf8;

--
-- Dumping data for table `exam_tb`
--

INSERT INTO `exam_tb` (`id`, `exam_id`, `user_id`, `qid`, `correct_ans`, `given_ans`, `marks`, `exam_date`) VALUES
(245, 'test1580', 'ata123', 25, '(10-20)%', '(15-60)%', 0, '0000-00-00'),
(246, 'test1580', 'ata123', 13, '1.67*10^-24g', '1.66*10^-24 g', 0, '0000-00-00'),
(247, 'test1580', 'ata123', 20, 'গ্লিসারিন', 'ফ্যটি এসিড', 0, '0000-00-00'),
(248, 'test1580', 'ata123', 21, 'মিথেন', 'মিথেন', 1, '0000-00-00'),
(249, 'test1580', 'ata123', 18, 'Al2(SO4)3', 'Al3(SO4)2', 0, '0000-00-00'),
(250, 'test1580', 'ata123', 28, '5.5', '6.5', 0, '0000-00-00'),
(251, 'test1580', 'ata123', 14, '98', '98', 1, '0000-00-00'),
(252, 'test1580', 'ata123', 19, 'পলিইথানল', 'PVC', 0, '0000-00-00'),
(253, 'test1580', 'ata123', 30, 'চালকোসাইট', 'চালকোসাইট', 1, '0000-00-00'),
(254, 'test1580', 'ata123', 15, '36.07%', '55.40%', 0, '0000-00-00'),
(255, 'test1580', 'ata123', 29, 'CoO2', 'PbO2', 0, '0000-00-00'),
(256, 'test1580', 'ata123', 31, '26', '26', 1, '0000-00-00'),
(257, 'test2883', 'ata123', 4, 'পান নি', '১৯৮৫', 0, '0000-00-00'),
(258, 'test2883', 'ata123', 2, 'শাপলা ', 'গোলাপ', 0, '0000-00-00'),
(259, 'test2883', 'ata123', 1, '১৯৯২', '১৯৯২', 1, '0000-00-00'),
(260, 'test652', 'ata123', 5, '২৬শে মার্চ', '১৬ ডিসেম্বর', 0, '0000-00-00'),
(261, 'test652', 'ata123', 3, 'ইলিশ', 'পুটি', 0, '0000-00-00'),
(262, 'test652', 'ata123', 6, 'কাঁঠাল', 'জাম', 0, '0000-00-00'),
(263, 'test1355', 'ata123', 1, '১৯৯২', '১৯৯২', 1, '0000-00-00'),
(264, 'test1355', 'ata123', 2, 'শাপলা ', 'সরিষা', 0, '0000-00-00'),
(265, 'test1355', 'ata123', 6, 'কাঁঠাল', 'কাঁঠাল', 1, '0000-00-00'),
(266, 'test1803', 'ata123', 1, '১৯৯২', '১৯৯২', 1, '0000-00-00'),
(267, 'test1803', 'ata123', 2, 'শাপলা ', 'সরিষা', 0, '0000-00-00'),
(268, 'test1803', 'ata123', 6, 'কাঁঠাল', 'কাঁঠাল', 1, '0000-00-00'),
(269, 'test1271', 'ata123', 5, '২৬শে মার্চ', '', 0, '0000-00-00'),
(270, 'test1271', 'ata123', 4, 'পান নি', '', 0, '0000-00-00'),
(271, 'test1271', 'ata123', 2, 'শাপলা ', '', 0, '0000-00-00'),
(272, 'test2146', 'ata123', 1, '১৯৯২', '১৯৯২', 1, '0000-00-00'),
(273, 'test2146', 'ata123', 5, '২৬শে মার্চ', '২১শে ফেব্রুয়ারি', 0, '0000-00-00'),
(274, 'test2146', 'ata123', 6, 'কাঁঠাল', 'জাম', 0, '0000-00-00'),
(275, 'test1030', 'ata123', 16, '11.2 লি.', '', 0, '0000-00-00'),
(276, 'test1030', 'ata123', 14, '98', '', 0, '0000-00-00'),
(277, 'test1030', 'ata123', 25, '(10-20)%', '', 0, '0000-00-00'),
(278, 'test1030', 'ata123', 12, '1.60*10^-19', '', 0, '0000-00-00'),
(279, 'test1030', 'ata123', 31, '26', '', 0, '0000-00-00'),
(280, 'test1030', 'ata123', 28, '5.5', '', 0, '0000-00-00'),
(281, 'test1030', 'ata123', 23, 'MnO2', '', 0, '0000-00-00'),
(282, 'test1030', 'ata123', 26, 'নীল', '', 0, '0000-00-00'),
(283, 'test1030', 'ata123', 20, 'গ্লিসারিন', '', 0, '0000-00-00'),
(284, 'test1030', 'ata123', 24, 'F', '', 0, '0000-00-00'),
(285, 'test1030', 'ata123', 30, 'চালকোসাইট', '', 0, '0000-00-00'),
(286, 'test1030', 'ata123', 17, 'Ne', '', 0, '0000-00-00'),
(287, 'test1030', 'ata123', 21, 'মিথেন', '', 0, '0000-00-00'),
(288, 'test1030', 'ata123', 18, 'Al2(SO4)3', '', 0, '0000-00-00'),
(289, 'test1030', 'ata123', 29, 'CoO2', '', 0, '0000-00-00'),
(290, 'test1030', 'ata123', 27, '414 Kj', '', 0, '0000-00-00'),
(291, 'test1030', 'ata123', 13, '1.67*10^-24g', '', 0, '0000-00-00'),
(292, 'test1030', 'ata123', 15, '36.07%', '', 0, '0000-00-00'),
(293, 'test1030', 'ata123', 22, 'CnH2n+1OH', '', 0, '0000-00-00'),
(294, 'test1030', 'ata123', 19, 'পলিইথানল', '', 0, '0000-00-00'),
(295, 'test1013', 'ata123', 24, 'F', '', 0, '0000-00-00'),
(296, 'test1013', 'ata123', 23, 'MnO2', '', 0, '0000-00-00'),
(297, 'test1013', 'ata123', 22, 'CnH2n+1OH', '', 0, '0000-00-00'),
(298, 'test1013', 'ata123', 25, '(10-20)%', '', 0, '0000-00-00'),
(299, 'test1013', 'ata123', 15, '36.07%', '', 0, '0000-00-00'),
(300, 'test1013', 'ata123', 13, '1.67*10^-24g', '', 0, '0000-00-00'),
(301, 'test1013', 'ata123', 30, 'চালকোসাইট', '', 0, '0000-00-00'),
(302, 'test1013', 'ata123', 28, '5.5', '', 0, '0000-00-00'),
(303, 'test1013', 'ata123', 14, '98', '', 0, '0000-00-00'),
(304, 'test1013', 'ata123', 26, 'নীল', '', 0, '0000-00-00'),
(305, 'test1013', 'ata123', 19, 'পলিইথানল', 'পলিইথানল', 1, '0000-00-00'),
(306, 'test1013', 'ata123', 31, '26', '', 0, '0000-00-00'),
(307, 'test1013', 'ata123', 18, 'Al2(SO4)3', '', 0, '0000-00-00'),
(308, 'test1013', 'ata123', 29, 'CoO2', '', 0, '0000-00-00'),
(309, 'test1013', 'ata123', 20, 'গ্লিসারিন', '', 0, '0000-00-00'),
(310, 'test1013', 'ata123', 21, 'মিথেন', '', 0, '0000-00-00'),
(311, 'test1013', 'ata123', 17, 'Ne', '', 0, '0000-00-00'),
(312, 'test1013', 'ata123', 16, '11.2 লি.', '', 0, '0000-00-00'),
(313, 'test1013', 'ata123', 12, '1.60*10^-19', '', 0, '0000-00-00'),
(314, 'test1013', 'ata123', 27, '414 Kj', '', 0, '0000-00-00'),
(315, 'test1313', 'ata123', 16, '11.2 লি.', '9.8 লি.', 0, '0000-00-00'),
(316, 'test1313', 'ata123', 24, 'F', '', 0, '0000-00-00'),
(317, 'test1313', 'ata123', 30, 'চালকোসাইট', 'চালকোসাইট', 1, '0000-00-00'),
(318, 'test1313', 'ata123', 21, 'মিথেন', '', 0, '0000-00-00'),
(319, 'test1313', 'ata123', 22, 'CnH2n+1OH', 'CnH2n+2', 0, '0000-00-00'),
(320, 'test1313', 'ata123', 20, 'গ্লিসারিন', '', 0, '0000-00-00'),
(321, 'test1313', 'ata123', 19, 'পলিইথানল', '', 0, '0000-00-00'),
(322, 'test1313', 'ata123', 17, 'Ne', '', 0, '0000-00-00'),
(323, 'test1313', 'ata123', 29, 'CoO2', '', 0, '0000-00-00'),
(324, 'test1313', 'ata123', 23, 'MnO2', '', 0, '0000-00-00'),
(325, 'test1313', 'ata123', 28, '5.5', '', 0, '0000-00-00'),
(326, 'test1313', 'ata123', 14, '98', '', 0, '0000-00-00'),
(327, 'test1313', 'ata123', 26, 'নীল', '', 0, '0000-00-00'),
(328, 'test1313', 'ata123', 27, '414 Kj', '', 0, '0000-00-00'),
(329, 'test1313', 'ata123', 25, '(10-20)%', '', 0, '0000-00-00'),
(330, 'test1313', 'ata123', 12, '1.60*10^-19', '', 0, '0000-00-00'),
(331, 'test1313', 'ata123', 15, '36.07%', '', 0, '0000-00-00'),
(332, 'test1313', 'ata123', 31, '26', '', 0, '0000-00-00'),
(333, 'test1313', 'ata123', 13, '1.67*10^-24g', '', 0, '0000-00-00'),
(334, 'test1313', 'ata123', 18, 'Al2(SO4)3', '', 0, '0000-00-00'),
(335, 'test1887', 'ata123', 12, '1.60*10^-19', '', 0, '0000-00-00'),
(336, 'test1887', 'ata123', 25, '(10-20)%', '', 0, '0000-00-00'),
(337, 'test1887', 'ata123', 22, 'CnH2n+1OH', '', 0, '0000-00-00'),
(338, 'test1887', 'ata123', 15, '36.07%', '65.20%', 0, '0000-00-00'),
(339, 'test1887', 'ata123', 16, '11.2 লি.', '5.7 লি.', 0, '0000-00-00'),
(340, 'test1887', 'ata123', 19, 'পলিইথানল', '5.7 লি.', 0, '0000-00-00'),
(341, 'test1887', 'ata123', 18, 'Al2(SO4)3', '5.7 লি.', 0, '0000-00-00'),
(342, 'test1887', 'ata123', 21, 'মিথেন', '5.7 লি.', 0, '0000-00-00'),
(343, 'test1887', 'ata123', 31, '26', '22', 0, '0000-00-00'),
(344, 'test1887', 'ata123', 24, 'F', '22', 0, '0000-00-00'),
(345, 'test1887', 'ata123', 28, '5.5', '22', 0, '0000-00-00'),
(346, 'test1887', 'ata123', 23, 'MnO2', '22', 0, '0000-00-00'),
(347, 'test1887', 'ata123', 20, 'গ্লিসারিন', '22', 0, '0000-00-00'),
(348, 'test1887', 'ata123', 29, 'CoO2', '22', 0, '0000-00-00'),
(349, 'test1887', 'ata123', 14, '98', '22', 0, '0000-00-00'),
(350, 'test1887', 'ata123', 30, 'চালকোসাইট', '22', 0, '0000-00-00'),
(351, 'test1887', 'ata123', 13, '1.67*10^-24g', '22', 0, '0000-00-00'),
(352, 'test1887', 'ata123', 27, '414 Kj', '22', 0, '0000-00-00'),
(353, 'test1887', 'ata123', 26, 'নীল', '22', 0, '0000-00-00'),
(354, 'test1887', 'ata123', 17, 'Ne', '22', 0, '0000-00-00'),
(355, 'test1403', 'ata123', 16, '11.2 লি.', '5.7 লি.', 0, '0000-00-00'),
(356, 'test1403', 'ata123', 28, '5.5', '', 0, '0000-00-00'),
(357, 'test1403', 'ata123', 17, 'Ne', '', 0, '0000-00-00'),
(358, 'test1403', 'ata123', 12, '1.60*10^-19', '1.67*10^-24', 0, '0000-00-00'),
(359, 'test1403', 'ata123', 23, 'MnO2', 'NaCl', 0, '0000-00-00'),
(360, 'test1403', 'ata123', 20, 'গ্লিসারিন', '', 0, '0000-00-00'),
(361, 'test1403', 'ata123', 21, 'মিথেন', '', 0, '0000-00-00'),
(362, 'test1403', 'ata123', 14, '98', '', 0, '0000-00-00'),
(363, 'test1403', 'ata123', 13, '1.67*10^-24g', '', 0, '0000-00-00'),
(364, 'test1403', 'ata123', 27, '414 Kj', '', 0, '0000-00-00'),
(365, 'test1403', 'ata123', 15, '36.07%', '', 0, '0000-00-00'),
(366, 'test1403', 'ata123', 24, 'F', '', 0, '0000-00-00'),
(367, 'test1403', 'ata123', 26, 'নীল', '', 0, '0000-00-00'),
(368, 'test1403', 'ata123', 25, '(10-20)%', '', 0, '0000-00-00'),
(369, 'test1403', 'ata123', 29, 'CoO2', '', 0, '0000-00-00'),
(370, 'test1403', 'ata123', 31, '26', '', 0, '0000-00-00'),
(371, 'test1403', 'ata123', 30, 'চালকোসাইট', '', 0, '0000-00-00'),
(372, 'test1403', 'ata123', 22, 'CnH2n+1OH', '', 0, '0000-00-00'),
(373, 'test1403', 'ata123', 18, 'Al2(SO4)3', '', 0, '0000-00-00'),
(374, 'test1403', 'ata123', 19, 'পলিইথানল', '', 0, '0000-00-00'),
(375, 'test607', 'ata123', 19, 'পলিইথানল', 'পলিইথানল', 1, '0000-00-00'),
(376, 'test607', 'ata123', 22, 'CnH2n+1OH', 'CnH2n+1OH', 1, '0000-00-00'),
(377, 'test607', 'ata123', 25, '(10-20)%', '(20-25)%', 0, '0000-00-00'),
(378, 'test607', 'ata123', 21, 'মিথেন', 'মিথেন', 1, '0000-00-00'),
(379, 'test607', 'ata123', 28, '5.5', '5.5', 1, '0000-00-00'),
(380, 'test607', 'ata123', 23, 'MnO2', 'MnO2', 1, '0000-00-00'),
(381, 'test607', 'ata123', 13, '1.67*10^-24g', '1.67*10^-24g', 1, '0000-00-00'),
(382, 'test607', 'ata123', 27, '414 Kj', '414Kj', 0, '0000-00-00'),
(383, 'test607', 'ata123', 20, 'গ্লিসারিন', 'গ্লিসারিন', 1, '0000-00-00'),
(384, 'test607', 'ata123', 17, 'Ne', 'Ne', 1, '0000-00-00'),
(385, 'test607', 'ata123', 29, 'CoO2', 'MnO2', 0, '0000-00-00'),
(386, 'test607', 'ata123', 26, 'নীল', 'নীল', 1, '0000-00-00'),
(387, 'test607', 'ata123', 15, '36.07%', '55.40%', 0, '0000-00-00'),
(388, 'test607', 'ata123', 14, '98', '98', 1, '0000-00-00'),
(389, 'test607', 'ata123', 12, '1.60*10^-19', '1.67*10^-24', 0, '0000-00-00'),
(390, 'test607', 'ata123', 31, '26', '22', 0, '0000-00-00'),
(391, 'test607', 'ata123', 24, 'F', 'O', 0, '0000-00-00'),
(392, 'test607', 'ata123', 16, '11.2 লি.', '9.8 লি.', 0, '0000-00-00'),
(393, 'test607', 'ata123', 18, 'Al2(SO4)3', 'Al3(SO4)2', 0, '0000-00-00'),
(394, 'test607', 'ata123', 30, 'চালকোসাইট', 'চালকোসাইট', 1, '0000-00-00'),
(395, 'test84', 'ata123', 4, 'পান নি', '', 0, '0000-00-00'),
(396, 'test84', 'ata123', 3, 'ইলিশ', '', 0, '0000-00-00'),
(397, 'test84', 'ata123', 1, '১৯৯২', '', 0, '0000-00-00'),
(398, 'test84', 'ata123', 2, 'শাপলা ', '', 0, '0000-00-00'),
(399, 'test84', 'ata123', 6, 'কাঁঠাল', '', 0, '0000-00-00'),
(400, 'test1181', 'ata123', 6, 'কাঁঠাল', '', 0, '0000-00-00'),
(401, 'test1181', 'ata123', 1, '১৯৯২', '', 0, '0000-00-00'),
(402, 'test1181', 'ata123', 5, '২৬শে মার্চ', '', 0, '0000-00-00'),
(403, 'test1181', 'ata123', 3, 'ইলিশ', '', 0, '0000-00-00'),
(404, 'test1181', 'ata123', 4, 'পান নি', '', 0, '0000-00-00'),
(405, 'test1494', 'ata123', 6, 'কাঁঠাল', 'জাম', 0, '0000-00-00'),
(406, 'test1494', 'ata123', 4, 'পান নি', '১৯৮৫', 0, '0000-00-00'),
(407, 'test1494', 'ata123', 2, 'শাপলা ', 'জবা', 0, '0000-00-00'),
(408, 'test1494', 'ata123', 3, 'ইলিশ', 'পুটি', 0, '0000-00-00'),
(409, 'test1494', 'ata123', 1, '১৯৯২', '১৯৯৯', 0, '0000-00-00'),
(410, 'test1130', 'ata123', 7, 'ভাবা', 'কাজা', 0, '0000-00-00'),
(411, 'test373', 'ata123', 5, '২৬শে মার্চ', '', 0, '0000-00-00'),
(412, 'test373', 'ata123', 2, 'শাপলা ', '', 0, '0000-00-00'),
(413, 'test373', 'ata123', 3, 'ইলিশ', '', 0, '0000-00-00'),
(414, 'test373', 'ata123', 1, '১৯৯২', '', 0, '0000-00-00'),
(415, 'test373', 'ata123', 4, 'পান নি', '', 0, '0000-00-00'),
(416, 'test99', 'ata123', 2, 'শাপলা ', '', 0, '0000-00-00'),
(417, 'test99', 'ata123', 5, '২৬শে মার্চ', '', 0, '0000-00-00'),
(418, 'test99', 'ata123', 4, 'পান নি', '', 0, '0000-00-00'),
(419, 'test99', 'ata123', 1, '১৯৯২', '', 0, '0000-00-00'),
(420, 'test99', 'ata123', 3, 'ইলিশ', '', 0, '0000-00-00'),
(421, 'test99', 'ata123', 7, 'ভাবা', '', 0, '0000-00-00'),
(422, 'test2932', 'ata123', 19, 'পলিইথানল', 'PVC', 0, '0000-00-00'),
(423, 'test2932', 'ata123', 24, 'F', 'N', 0, '0000-00-00'),
(424, 'test2932', 'ata123', 17, 'Ne', 'Na', 0, '0000-00-00'),
(425, 'test2932', 'ata123', 29, 'CoO2', 'PbO2', 0, '0000-00-00'),
(426, 'test2932', 'ata123', 25, '(10-20)%', '(25-35)%', 0, '0000-00-00'),
(427, 'test2501', 'ata123', 3, 'ইলিশ', 'ইলিশ', 1, '0000-00-00'),
(428, 'test2501', 'ata123', 1, '১৯৯২', '১৯৯২', 1, '0000-00-00'),
(429, 'test2501', 'ata123', 5, '২৬শে মার্চ', '২৬শে মার্চ', 1, '0000-00-00'),
(430, 'test2501', 'ata123', 2, 'শাপলা ', 'গোলাপ', 0, '0000-00-00'),
(431, 'test2501', 'ata123', 6, 'কাঁঠাল', 'কাঁঠাল', 1, '0000-00-00'),
(432, 'test2416', 'ata123', 1, '১৯৯২', '১৯৯২', 1, '0000-00-00'),
(433, 'test2416', 'ata123', 6, 'কাঁঠাল', 'কাঁঠাল', 1, '0000-00-00'),
(434, 'test2416', 'ata123', 4, 'পান নি', 'পান নি', 1, '0000-00-00'),
(435, 'test2416', 'ata123', 3, 'ইলিশ', 'ইলিশ', 1, '0000-00-00'),
(436, 'test2416', 'ata123', 2, 'শাপলা ', 'সরিষা', 0, '0000-00-00'),
(437, 'test710', 'ata123', 1, '১৯৯২', '১৯৯২', 1, '0000-00-00'),
(438, 'test710', 'ata123', 6, 'কাঁঠাল', 'কাঁঠাল', 1, '0000-00-00'),
(439, 'test710', 'ata123', 4, 'পান নি', 'পান নি', 1, '0000-00-00'),
(440, 'test710', 'ata123', 3, 'ইলিশ', 'ইলিশ', 1, '0000-00-00'),
(441, 'test710', 'ata123', 2, 'শাপলা ', 'সরিষা', 0, '0000-00-00'),
(442, 'test601', 'ata123', 3, 'ইলিশ', 'টাকি', 0, '0000-00-00'),
(443, 'test601', 'ata123', 5, '২৬শে মার্চ', '২১শে ফেব্রুয়ারি', 0, '0000-00-00'),
(444, 'test601', 'ata123', 2, 'শাপলা ', 'গোলাপ', 0, '0000-00-00'),
(445, 'test601', 'ata123', 4, 'পান নি', '১৯৭১', 0, '0000-00-00'),
(446, 'test601', 'ata123', 6, 'কাঁঠাল', 'কাঁঠাল', 1, '0000-00-00'),
(447, 'test601', 'ata123', 7, 'ভাবা', 'ভাবা ও কাজা', 0, '0000-00-00'),
(448, 'test1375', 'ata123', 7, 'ভাবা', 'ভাবা ও কাজা', 0, '0000-00-00'),
(449, 'test693', 'ata123', 7, 'ভাবা', 'ভাবা ও কাজা', 0, '0000-00-00'),
(450, 'test1252', 'ata123', 7, 'ভাবা', 'ভাবা ও কাজা', 0, '0000-00-00'),
(451, 'test2135', 'ata123', 7, 'ভাবা', 'ভাবা ও কাজা', 0, '0000-00-00'),
(452, 'test68', 'ata123', 7, 'ভাবা', 'ভাবা ও কাজা', 0, '2018-12-23'),
(453, 'test189', 'ata123', 5, '২৬শে মার্চ', '', 0, '2018-12-23'),
(454, 'test189', 'ata123', 2, 'শাপলা ', '', 0, '2018-12-23'),
(455, 'test189', 'ata123', 4, 'পান নি', '', 0, '2018-12-23'),
(456, 'test189', 'ata123', 1, '১৯৯২', '', 0, '2018-12-23'),
(457, 'test189', 'ata123', 6, 'কাঁঠাল', '', 0, '2018-12-23'),
(458, 'test189', 'ata123', 7, 'ভাবা', '', 0, '2018-12-23'),
(459, 'test189', 'ata123', 32, 'নাই', '', 0, '2018-12-23'),
(460, 'test2094', 'ata123', 6, 'কাঁঠাল', 'জাম', 0, '2018-12-23'),
(461, 'test2094', 'ata123', 3, 'ইলিশ', 'টাকি', 0, '2018-12-23'),
(462, 'test2094', 'ata123', 32, 'নাই', 'নাই', 1, '2018-12-23'),
(463, 'test2094', 'ata123', 7, 'ভাবা', 'ভাবা', 1, '2018-12-23'),
(464, 'test2525', 'ata123', 5, '২৬শে মার্চ', '', 0, '2018-12-23'),
(465, 'test2525', 'ata123', 3, 'ইলিশ', '', 0, '2018-12-23'),
(466, 'test2525', 'ata123', 4, 'পান নি', '', 0, '2018-12-23'),
(467, 'test2525', 'ata123', 7, 'ভাবা', '', 0, '2018-12-23'),
(468, 'test2525', 'ata123', 32, 'নাই', '', 0, '2018-12-23'),
(469, 'test2525', 'ata123', 8, 'অপভ্রংশ', '', 0, '2018-12-23'),
(470, 'test2525', 'ata123', 34, 'আতা', '', 0, '2018-12-23'),
(471, 'test2525', 'ata123', 33, 'বাংলা', '', 0, '2018-12-23');

-- --------------------------------------------------------

--
-- Table structure for table `student_info`
--

CREATE TABLE `student_info` (
  `student_name` varchar(20) CHARACTER SET latin1 NOT NULL,
  `user_id` varchar(20) CHARACTER SET latin1 NOT NULL,
  `password` varchar(20) CHARACTER SET latin1 NOT NULL,
  `email` varchar(30) CHARACTER SET latin1 NOT NULL,
  `phone` varchar(15) CHARACTER SET latin1 NOT NULL,
  `ins_name` varchar(255) NOT NULL,
  `class_name` varchar(255) NOT NULL,
  `status` int(100) NOT NULL DEFAULT '1'
) ENGINE=InnoDB DEFAULT CHARSET=utf8;

--
-- Dumping data for table `student_info`
--

INSERT INTO `student_info` (`student_name`, `user_id`, `password`, `email`, `phone`, `ins_name`, `class_name`, `status`) VALUES
('ATAURE RAHAMAN', 'ata123', 'ata123', 'ataur.214@gmail.com', '01799797447', 'iubat University', 'Ten', 1),
('123', 'ata1234', '12345', 'ataur.254@gmail.com', 'gfjejysr', '', '', 1),
('Aakjdf', 'ataur123', '827ccb0eea8a706c4c34', 'ataur.2514@gmail.com', '01642994407', '', '', 1),
('hh', 'hhhh', 'hhhh', 'hhh', 'hhh', '', '', 1),
('Md Josim Uddin', 'josim12', 'josim123', 'mdjosimuddin712@gmail.com', '01758903419', 'IUBAT', 'Cse', 0),
('Moniruzzaman', 'moon123', 'moon123', 'monn@gmail.com', '017858958', '', '', 1),
('MD Moniruzzaman', 'moon12345', 'moon123', 'monn@gmail.com', '01642994407', 'IUBAT', 'nine', 1),
('Ata', 'sdff5', 'ata123', 'ataur.214@gmail.com', '01642994407', '', '', 1),
('josimtakla', 'takla123', 'takla123', 'josim@pagla.com', '01799797447', '', '', 1);

-- --------------------------------------------------------

--
-- Table structure for table `subject`
--

CREATE TABLE `subject` (
  `id` int(255) NOT NULL,
  `class_name` varchar(50) NOT NULL,
  `sub_code` varchar(50) CHARACTER SET latin1 NOT NULL,
  `sub_name` varchar(100) NOT NULL,
  `sub_image` varchar(100) CHARACTER SET latin1 NOT NULL
) ENGINE=InnoDB DEFAULT CHARSET=utf8;

--
-- Dumping data for table `subject`
--

INSERT INTO `subject` (`id`, `class_name`, `sub_code`, `sub_name`, `sub_image`) VALUES
(1, 'SSC', '101', 'বাংলা প্রথম পত্র', ''),
(2, 'SSC', '102', 'বাংলা দ্বিতীয় পত্র', ''),
(3, 'SSC', '103', 'math', ''),
(4, 'SSC', '104', 'physics', ''),
(5, 'PSC', '105', 'ENGLISG', ''),
(10, 'JSC', '101', 'বাংলা প্রথম পত্র', ''),
(11, 'JSC', '102', 'বাংলা দ্বিতীয় পত্র', ''),
(14, 'JSC', '109', '		গণিত', ''),
(15, 'JSC', '127', 'বিজ্ঞান', ''),
(16, 'JSC', '154', 'তথ্য ও যোগাযোগ প্রযুক্তি', ''),
(17, 'JSC', '150', 'বাংলাদেশ ও বিশ্বপরিচয়', ''),
(18, 'JSC', '111', 'ইসলাম ও নৈতিক শিক্ষা', ''),
(19, 'JSC', '201', 'English for Today', ''),
(22, 'SSC', '109', 'রসায়ন', '');

-- --------------------------------------------------------

--
-- Table structure for table `tb_question`
--

CREATE TABLE `tb_question` (
  `qid` int(11) NOT NULL,
  `class_id` varchar(50) NOT NULL,
  `subject_code` varchar(50) NOT NULL,
  `chap_id` varchar(50) NOT NULL,
  `qname` varchar(200) NOT NULL,
  `qans` varchar(200) NOT NULL,
  `opone` varchar(200) NOT NULL,
  `optwo` varchar(200) NOT NULL,
  `opthree` varchar(200) NOT NULL,
  `opfour` varchar(200) NOT NULL
) ENGINE=InnoDB DEFAULT CHARSET=utf8;

--
-- Dumping data for table `tb_question`
--

INSERT INTO `tb_question` (`qid`, `class_id`, `subject_code`, `chap_id`, `qname`, `qans`, `opone`, `optwo`, `opthree`, `opfour`) VALUES
(1, '0', '0', '4', 'জসিম\nউদ্দিন এর জন্ম সাল কত', '১৯৯২', '১৯৯২', '১৯৯৯', '১৯৯৮', '১৯৯৩'),
(2, '0', '0', '4', 'বাংলাদেশের জাতীয় ফুলের নাম কি?', 'শাপলা ', 'গোলাপ', 'জবা', 'সরিষা', 'গোলাপ'),
(3, '0', '0', '4', 'বাংলাদেশের জাতীয় মাছ নাম কি?', 'ইলিশ', 'টাকি', 'পুটি', 'ইলিশ', 'তিমি'),
(4, '0', '0', '4', 'জাতীয় কবি কাজী নজরুল ইসলাম কত সালে নোবেল পেয়েছিলেন', 'পান নি', '১৯৮৫', '১৯৭১', '১৯৭২', 'পান নি'),
(5, '0', '0', '4', 'স্বাধীনতা দিবস কবে?', '২৬শে মার্চ', '১৬ ডিসেম্বর', '২১শে ফেব্রুয়ারি', '২৬শে মার্চ', '৭ ই মার্চ'),
(6, '0', '0', '4', 'বাংলাদেশের জাতীয় ফলের নাম কি?', 'কাঁঠাল', 'জাম', 'লিচু', 'কাঁঠাল', 'আম'),
(7, '0', '0', '5', 'ভাব ও কাজ কি?', 'ভাবা', 'কাজা', 'ভাবা ও কাজা', 'ভাবা', 'কিছুই না'),
(8, '3', '101', '6', 'বাংলা ভাষার উৎপত্তি কোন ভাষা থেকে?', 'অপভ্রংশ', 'চর্জাপদ', 'অপভ্রংশ', 'সংস্কৃতি', 'ফার্সি'),
(9, '3', '109', '34', 'সুচক কাকে বলে', '২', '১', '২', '৩', '৪'),
(10, '3', '109', '34', 'গুন মানে কি ', 'বার বার জগ', 'বার বার জগ', 'বার বার ভাগ', 'বার বার জ্ঞুন', 'বার বার বিয়গ'),
(11, '3', '109', '34', '৩+৫', '৮', '৮', '২', '৭', '৬'),
(12, '5', '109', '61', 'প্রোটনের প্রকৃত আধান কত?', '1.60*10^-19', '1.83*10^-30', '1.67*10^-24', '1.67*10^24', '1.60*10^-19'),
(13, '5', '109', '61', 'মৌলের একটি প্রোটনের ভর কত?', '1.67*10^-24g', '1.66*10^-24 g', '9.11*10^55g', '1.67*10^-24g', '9.33*10^22g'),
(14, '5', '109', '61', 'সালফিউরিক এসিডের (H2SO4) আপেক্ষিক আণবিক ভর কত?', '98', '77', '98', '25', '50'),
(15, '5', '109', '61', 'ব্লু-ভিট্রিয়লে কেলাস পানির শতকরা পিরমাণ কত?', '36.07%', '27.10%', '55.40%', '65.20%', '36.07%'),
(16, '5', '109', '61', 'STP তে 16g অক্সিজেনের মোলার আয়তন কত?', '11.2 লি.', '5.7 লি.', '9.8 লি.', '11.2 লি.', '33.5 লি.'),
(17, '5', '109', '61', 'কোন মৌলের যোজনী শূন্য?', 'Ne', 'Na', 'K', 'Ne', 'Zn'),
(18, '5', '109', '61', 'অ্যালমিনিয়াম সালফেটের সংকেত কোনটি?', 'Al2(SO4)3', 'AlSO4', 'Al2(SO4)3', 'Al3(SO4)2', 'Al(SO)2'),
(19, '5', '109', '61', 'পরিবেশ বান্ধব পলিমার কোনটি?', 'পলিইথানল', 'PVC', 'পলিইথানল', 'চুনাপাথর', 'নাইলন'),
(20, '5', '109', '61', 'সাবান উৎপাদনকালে উপজাত হিসেবে কি পাওয়া যায়?', 'গ্লিসারিন', 'ভিনেগার', 'ডিটারজেন্ট', 'গ্লিসারিন', 'ফ্যটি এসিড'),
(21, '5', '109', '61', 'প্রাকৃতিক গ্যাসের মূল উপাদান কোনটি?', 'মিথেন', 'বেনজিন', 'মিথেন', 'ইথেন', 'বিউটেন'),
(22, '5', '109', '61', 'অ্যালকোহলের সাধারন সংকেত কোনটি?\n', 'CnH2n+1OH', 'CnH2n+2', 'CnH2n', 'CnH2n+1OH', 'CnH2n+1COOH'),
(23, '5', '109', '61', 'ড্রাইসেলে কোনটি বিজারিত হয়?', 'MnO2', 'H2O', 'NaCl', 'MnO2', 'ZnCl2'),
(24, '5', '109', '61', 'কোনটির তড়িৎ ঋণাত্বকতা বেশি?', 'F', 'Cl', 'N', 'O', 'F'),
(25, '5', '109', '61', 'গ্যাসহোল জ্বালানির খেত্রে পেট্রোলের সাথে কত পিরমান ইথানল মিশ্রিত থাকে?', '(10-20)%', '(15-60)%', '(25-35)%', '(20-25)%', '(10-20)%'),
(26, '5', '109', '61', 'কপার সালফেটের বর্ন কীরূপ?', 'নীল', 'সবুজ', 'লাল', 'নীল', 'হলুদ'),
(27, '5', '109', '61', 'C-H বন্ধন শক্তি কত?', '414 Kj', '515Kj', '325Kj', '414Kj', '464Kj'),
(28, '5', '109', '61', 'দেহের আদর্শ pH মান কত?', '5.5', '4.5', '6.5', '5.5', '7.5'),
(29, '5', '109', '61', 'লিথিয়াম ব্যাটারিতে কোনটি ব্যবহৃত হয়?', 'CoO2', 'Hg2O', 'PbO2', 'CoO2', 'MnO2'),
(30, '5', '109', '61', 'কপারের আকরিক কোনটি?', 'চালকোসাইট', 'হেমাটাইট', 'ক্যালামাইন', 'চালকোসাইট', 'বক্সাইট'),
(31, '5', '109', '61', 'আয়রনের পারমানবিক সংখ্যা কত?', '26', '30', '22', '25', '26'),
(32, '3', '101', '5', 'পানির রঙ কি?', 'নাই', 'লাল', 'নীল', 'সবুজ', 'নাই'),
(33, '3', '101', '6', 'বাঙালি কোন ভাষায় কথা বলে?', 'বাংলা', 'বাংলা', 'ইংরেজী', 'গনিত', 'আরবি'),
(34, '3', '101', '6', 'বাংলায় কে কথা বলে?', 'আতা', 'আতা', 'জসিম', 'ইতু', 'রনি');

--
-- Indexes for dumped tables
--

--
-- Indexes for table `admin_info`
--
ALTER TABLE `admin_info`
  ADD PRIMARY KEY (`user_id`(11));

--
-- Indexes for table `chapter`
--
ALTER TABLE `chapter`
  ADD PRIMARY KEY (`chapter_id`);

--
-- Indexes for table `class`
--
ALTER TABLE `class`
  ADD PRIMARY KEY (`class_id`);

--
-- Indexes for table `exam_tb`
--
ALTER TABLE `exam_tb`
  ADD PRIMARY KEY (`id`);

--
-- Indexes for table `student_info`
--
ALTER TABLE `student_info`
  ADD PRIMARY KEY (`user_id`);

--
-- Indexes for table `subject`
--
ALTER TABLE `subject`
  ADD PRIMARY KEY (`id`);

--
-- Indexes for table `tb_question`
--
ALTER TABLE `tb_question`
  ADD PRIMARY KEY (`qid`);

--
-- AUTO_INCREMENT for dumped tables
--

--
-- AUTO_INCREMENT for table `chapter`
--
ALTER TABLE `chapter`
  MODIFY `chapter_id` int(255) NOT NULL AUTO_INCREMENT, AUTO_INCREMENT=85;
--
-- AUTO_INCREMENT for table `class`
--
ALTER TABLE `class`
  MODIFY `class_id` int(50) NOT NULL AUTO_INCREMENT, AUTO_INCREMENT=6;
--
-- AUTO_INCREMENT for table `exam_tb`
--
ALTER TABLE `exam_tb`
  MODIFY `id` int(11) NOT NULL AUTO_INCREMENT, AUTO_INCREMENT=472;
--
-- AUTO_INCREMENT for table `subject`
--
ALTER TABLE `subject`
  MODIFY `id` int(255) NOT NULL AUTO_INCREMENT, AUTO_INCREMENT=23;
--
-- AUTO_INCREMENT for table `tb_question`
--
ALTER TABLE `tb_question`
  MODIFY `qid` int(11) NOT NULL AUTO_INCREMENT, AUTO_INCREMENT=35;
/*!40101 SET CHARACTER_SET_CLIENT=@OLD_CHARACTER_SET_CLIENT */;
/*!40101 SET CHARACTER_SET_RESULTS=@OLD_CHARACTER_SET_RESULTS */;
/*!40101 SET COLLATION_CONNECTION=@OLD_COLLATION_CONNECTION */;
